Workbook

Sheet Sapori Pruccion Mensual
E11: 46082 | F11: 46113 | G11: 46143 | H11: 46174 | I11: 46204
E12: ='Total Unidades Mensuales'!J12 -> 413087 | F12: ='Total Unidades Mensuales'!K12 -> 535420 | G12: ='Total Unidades Mensuales'!L12 -> 564513 | H12: ='Total Unidades Mensuales'!M12 -> 609205 | I12: ='[6]Produccion MTD SHARE'!$C$57 -> 299310

Sheet Comparativo vs Forecast
F12: Disponibilidad Productiva | G12: VS FORECAST | H12: VS Mes Previo
D13: 46082 | E13: 550000 | F13: ='[2]Comparativo Sales LT vs MTD Pro'!$Q$66+'[2]Comparativo Sales LT vs MTD Pro'!$R$66 -> 640817 | G13: =(F13-E13)/E13 -> 0.16512182
D14: 46113 | E14: 550000 | F14: ='[3]Comparativo Sales LT vs MTD Pro'!$Q$66+'[3]Comparativo Sales LT vs MTD Pro'!$R$66 -> 692614 | G14: =(F14-E14)/E14 -> 0.25929818 | H14: =(F14-F13)/F13 -> 0.080829628
D15: 46143 | E15: 660000 | F15: ='[4]Balance Vs Ventas'!$E$57 -> 775689 | G15: =(F15-E15)/E15 -> 0.17528636 | H15: =(F15-F14)/F14 -> 0.11994415
D16: 46174 | E16: 660000 | F16: ='[5]Balance Vs Ventas'!$E$57 -> 905388 | G16: =(F16-E16)/E16 -> 0.3718 | H16: =(F16-F15)/F15 -> 0.1672049
D17: 46204 | E17: ='[6]Balance Vs Ventas'!$F$57 -> 692998 | F17: ='[6]Balance Vs Ventas'!$E$57 -> 584536 | G17: =(F17-E17)/E17 -> -0.15651127 | H17: =(F17-F16)/F16 -> -0.35438066

Sheet Total Unidades Mensuales
G5: Vs 1er Quater 25 | I5: ='Total Cremigurt Unidades'!P2 -> 0.58374964 | L5: =AVERAGE(F12:H12) -> 337995
G6: Vs 2do Quater 25 | I6: ='Total Cremigurt Unidades'!P3 -> 0.29412332 | L6: =AVERAGE(I12:K12) -> 489815 | M6: =(L6-L5)/L5 -> 0.44917824
G7: Vs 3er Quater 25 | I7: ='Total Cremigurt Unidades'!P4 -> 0.055484098 | L7: =AVERAGE(L12:N12) -> 491007.67 | M7: =(L7-L6)/L6 -> 0.0024349329
G8: Vs 4to Quater 25 | I8: =(I10-F10)/F10 -> 0.44917824
G9: Vs 1er Quater 26 | I9: =(L10-I10)/I10 -> 0.0024349329
F10: =SUM(F12:H12) -> 1013985 | I10: =SUM(I12:K12) -> 1469445 | L10: =SUM(L12:N12) -> 1473023
F11: 45962 | G11: 45992 | H11: 46023 | I11: 46054 | J11: 46082 | K11: 46113 | L11: 46143 | M11: 46174 | N11: 46204
F12: 383986 | G12: 314573 | H12: ='[7]VENTAS NACIONAL'!$AA$13 -> 315426 | I12: ='[1]Produccion MTD SHARE'!$C$50 -> 520938 | J12: ='[2]Produccion MTD SHARE'!$C$57 -> 413087 | K12: ='[3]Produccion MTD SHARE'!$C$57 -> 535420 | L12: ='[4]Balance Vs Ventas'!$C$57 -> 564513 | M12: ='[5]PRODUCCION DIARIA JUNIO 2026'!$AD$97 -> 609205 | N12: ='[6]PRODUCCION DIARIA JULIO 2026'!$AD$97 -> 299305
F13: =(F12-E12)/E12 -> #DIV/0! | G13: =(G12-F12)/F12 -> -0.18076961 | H13: =(H12-G12)/G12 -> 0.0027116122 | I13: =(I12-H12)/H12 -> 0.65153792 | J13: =(J12-I12)/I12 -> -0.20703231 | K13: =(K12-J12)/J12 -> 0.29614343 | L13: =(L12-K12)/K12 -> 0.054336782 | M13: =(M12-L12)/L12 -> 0.079169125 | N13: =(N12-M12)/M12 -> -0.50869576
F21: Trimestre Nov 25 - Enero 26 | I21: Trimestre Febrero 26 - Abril 26 | L21: Trimestre Mayo 26 - Julio 26
F22: Media Productiva Und | I22: Media Productiva Und | L22: Media Productiva Und
F23: =L5 -> 337995 | I23: =L6 -> 489815 | L23: =L7 -> 491007.67
F24: Variacion | I24: =(I23-F23)/F23 -> 0.44917824 | L24: =(L23-I23)/I23 -> 0.0024349329

Sheet Total Cremigurt Unidades
N2: Vs 1er Quater 25 | P2: =(P7-D7)/D7 -> 0.58374964 | S2: =AVERAGE(M9:O9) -> 337995
N3: Vs 2do Quater 25 | P3: =(P7-G7)/G7 -> 0.29412332 | S3: =AVERAGE(P9:R9) -> 411395.33 | T3: =(S3-S2)/S2 -> 0.21716396
N4: Vs 3er Quater 25 | P4: =(P7-J7)/J7 -> 0.055484098 | S4: =AVERAGE(S9:U9) -> 410420.33 | T4: =(S4-S3)/S3 -> -0.0023699831
N5: Vs 4to Quater 25 | P5: =(P7-M7)/M7 -> 0.21716396
N6: Vs 1er Quater 26 | P6: =(S7-P7)/P7 -> -0.0023699831
D7: =SUM(D9:F9) -> 779281 | G7: =SUM(G9:I9) -> 953685 | J7: =SUM(J9:L9) -> 1169308 | M7: =SUM(M9:O9) -> 1013985 | P7: =SUM(P9:R9) -> 1234186 | S7: =SUM(S9:U9) -> 1231261
C8: 45658 | D8: 45689 | E8: 45717 | F8: 45748 | G8: 45778 | H8: 45809 | I8: 45839 | J8: 45870 | K8: 45901 | L8: 45931 | M8: 45962 | N8: 45992 | O8: 46023 | P8: 46054 | Q8: 46082 | R8: 46113 | S8: 46143 | T8: 46174 | U8: 46204
B9: Und CREMIGURT | C9: 207911 | D9: 234571 | E9: 247502 | F9: 297208 | G9: 298129 | H9: 307974 | I9: 347582 | J9: 348437 | K9: 396245 | L9: 424626 | M9: 383986 | N9: 314573 | O9: ='[7]VENTAS NACIONAL'!$AA$13 -> 315426 | P9: =[1]Dashboard!$C$4 -> 466290 | Q9: ='[2]Comparativo Sales LT vs MTD Pro'!$T$15 -> 321987 | R9: ='[3]RESUMEN APRIL 26'!$E$14 -> 445909 | S9: =[4]DASHBOARD!$C$4 -> 449661 | T9: ='[5]PRODUCCION DIARIA JUNIO 2026'!$AD$88+'[5]PRODUCCION DIARIA JUNIO 2026'!$AD$89+'[5]PRODUCCION DIARIA JUNIO 2026'!$AD$90 -> 518112 | U9: ='[6]PRODUCCION DIARIA JULIO 2026'!$AD$91+'[6]PRODUCCION DIARIA JULIO 2026'!$AD$90+'[6]PRODUCCION DIARIA JULIO 2026'!$AD$89+'[6]PRODUCCION DIARIA JULIO 2026'!$AD$88 -> 263488
D10: =(D9-C9)/C9 -> 0.12822794 | E10: =(E9-D9)/D9 -> 0.055126166 | F10: =(F9-E9)/E9 -> 0.2008307 | G10: =(G9-F9)/F9 -> 0.0030988399 | H10: =(H9-G9)/G9 -> 0.033022618 | I10: =(I9-H9)/H9 -> 0.12860826 | J10: =(J9-I9)/I9 -> 0.0024598512 | K10: =(K9-J9)/J9 -> 0.13720701 | ... U10: =(U9-T9)/T9 -> -0.49144586
M18: Trimestre Nov 25 - Enero 26 | P18: Trimestre Febrero 26 - Abril 26 | S18: Trimestre Mayo 26 - Julio 26
M19: Media Productiva Und | P19: Media Productiva Und | S19: Media Productiva Und
M20: =S2 -> 337995 | P20: =S3 -> 411395.33 | S20: =S4 -> 410420.33
M21: Variacion | P21: =(P20-M20)/M20 -> 0.21716396 | S21: =(S20-P20)/P20 -> -0.0023699831
Q26: =190+343+1088*12 -> 13589

Sheet 150 gr
I7: =(I9-H9)/H9 -> 0.20193635 | J7: =(J9-I9)/I9 -> -0.5109902
E8: 46054 | F8: 46082 | G8: 46113 | H8: 46143 | I8: 46174 | J8: 46204
D9: 150 gr | E9: ='[1]PRODUCCION DIARIA FEBRERO 2026'!$AD$79 -> 386904 | F9: ='[2]PRODUCCION DIARIA MARZO 2026'!$AD$88 -> 265359 | G9: ='[3]PRODUCCION DIARIA ABRIL 2026'!$AD$88 -> 386551 | H9: ='[4]PRODUCCION DIARIA MAYO 2026'!$AD$88 -> 383814 | I9: ='[5]PRODUCCION DIARIA JUNIO 2026'!$AD$88 -> 461320 | J9: ='[6]PRODUCCION DIARIA JULIO 2026'!$AD$88 -> 225590

Sheet Hoja3
E7: 46082 | F7: 46113 | G7: 46143
D8: 150 gr | E8: 265359 | F8: 386551 | G8: 391764

Sheet 700 gr
I5: =(I7-H7)/H7 -> -0.37216511 | J5: =(J7-I7)/I7 -> -0.083468768 | K5: TREND
E6: 46054 | F6: 46082 | G6: 46113 | H6: 46143 | I6: 46174 | J6: 46204 | K6: =(K7-I7)/I7 -> 1.0163687
D7: 700 gr | E7: ='[1]Produccion MTD SHARE'!$C$23+'[1]Produccion MTD SHARE'!$C$21+'[1]Produccion MTD SHARE'!$C$25+'[1]Produccion MTD SHARE'!$C$30+'[1]Produccion MTD SHARE'!$C$31+'[1]Produccion MTD SHARE'!$C$33+'[1]Produccion MTD SHARE'!$C$35+'[1]Produccion MTD SHARE'!$C$37 -> 43534 | F7: ='[2]Produccion MTD SHARE'!$C$35+'[2]Produccion MTD SHARE'!$C$37+'[2]Produccion MTD SHARE'!$C$21+'[2]Produccion MTD SHARE'!$C$23+'[2]Produccion MTD SHARE'!$C$30+'[2]Produccion MTD SHARE'!$C$31+'[2]Produccion MTD SHARE'!$C$33 -> 26517 | G7: ='[3]Produccion MTD SHARE'!$C$21+'[3]Produccion MTD SHARE'!$C$23+'[3]Produccion MTD SHARE'!$C$25+'[3]Produccion MTD SHARE'!$C$30+'[3]Produccion MTD SHARE'!$C$31+'[3]Produccion MTD SHARE'!$C$33+'[3]Produccion MTD SHARE'!$C$35+'[3]Produccion MTD SHARE'!$C$37 -> 38391 | H7: ='[4]Produccion MTD SHARE'!$G$39 -> 51942 | I7: ='[5]PRODUCCION DIARIA JUNIO 2026'!$AD$89 -> 32611 | J7: ='[6]PRODUCCION DIARIA JULIO 2026'!$AD$89 -> 29889 | K7: =J7/'[6]PRODUCCION DIARIA JULIO 2026'!$AN$100*'[6]PRODUCCION DIARIA JULIO 2026'!$AO$100+J7 -> 65755.8

Sheet Linea Azul
E5: 46082 | F5: 46113 | G5: 46143 | H5: 46174 | I5: 46204
D6: Griego Azul Fresa 150 gr | E6: ='[2]Produccion MTD SHARE'!C48 -> 8992 | F6: ='[3]Produccion MTD SHARE'!C48 -> 13984 | G6: ='[4]Produccion MTD SHARE'!C48 -> 12301 | H6: =[5]INFOGRAFIA!$C$48 -> 27291 | I6: ='[6]Produccion MTD SHARE'!$C$48 -> 7754
D7: Griego Azul Caramelo Salado 150 gr | E7: ='[2]Produccion MTD SHARE'!C49 -> 6022 | F7: ='[3]Produccion MTD SHARE'!C49 -> 16150 | G7: ='[4]Produccion MTD SHARE'!C49 -> 12209 | H7: =[5]INFOGRAFIA!$C$49 -> 17094 | I7: ='[6]Produccion MTD SHARE'!$C$49 -> 5286
D8: Griego Azul Coco Vainilla 150 gr | E8: ='[2]Produccion MTD SHARE'!C50 -> 6019 | F8: ='[3]Produccion MTD SHARE'!C50 -> 17367 | G8: ='[4]Produccion MTD SHARE'!C50 -> 20919 | H8: =[5]INFOGRAFIA!$C$50 -> 17808 | I8: ='[6]Produccion MTD SHARE'!$C$50 -> 8639
D9: Griego Azul Pie de Limon 150 gr | E9: ='[2]Produccion MTD SHARE'!C51 -> 6020 | F9: ='[3]Produccion MTD SHARE'!C51 -> 17552 | G9: ='[4]Produccion MTD SHARE'!C51 -> 20179 | H9: =[5]INFOGRAFIA!$C$51 -> 25821 | I9: ='[6]Produccion MTD SHARE'!$C$51 -> 12973
D10: Total Unidades | E10: =SUM(E6:E9) -> 27053 | F10: =SUM(F6:F9) -> 65053 | G10: =SUM(G6:G9) -> 65608 | H10: =SUM(H6:H9) -> 88014 | I10: =SUM(I6:I9) -> 34652

Sheet POWER
C5: 46054 | D5: 46082 | E5: 46113 | F5: 46143 | G5: 46174 | H5: 46204
B6: Power 150g | C6: ='[1]Produccion MTD SHARE'!C34 -> 22965 | D6: ='[2]Produccion MTD SHARE'!C34 -> 21773 | E6: ='[3]Produccion MTD SHARE'!C34 -> 15444 | F6: ='[4]Produccion MTD SHARE'!C34 -> 20007 | G6: =[5]INFOGRAFIA!$C$34 -> 27463 | H6: ='[6]Produccion MTD SHARE'!C34 -> 8218
B7: Power 700g | C7: ='[1]Produccion MTD SHARE'!C35 -> 2359 | D7: ='[2]Produccion MTD SHARE'!C35 -> 4144 | E7: ='[3]Produccion MTD SHARE'!C35 -> 3229 | F7: ='[4]Produccion MTD SHARE'!C35 -> 3192 | G7: =[5]INFOGRAFIA!$C$35 -> 2122 | H7: ='[6]Produccion MTD SHARE'!C35 -> 1755
B8: Mantecado 150g | C8: ='[1]Produccion MTD SHARE'!C36 -> 38384 | D8: ='[2]Produccion MTD SHARE'!C36 -> 18655 | E8: ='[3]Produccion MTD SHARE'!C36 -> 32331 | F8: ='[4]Produccion MTD SHARE'!C36 -> 29111 | G8: =[5]INFOGRAFIA!$C$36 -> 26525 | H8: ='[6]Produccion MTD SHARE'!C36 -> 18230
B9: Mantecado 700g | C9: ='[1]Produccion MTD SHARE'!C37 -> 2817 | D9: ='[2]Produccion MTD SHARE'!C37 -> 3044 | E9: ='[3]Produccion MTD SHARE'!C37 -> 3923 | F9: ='[4]Produccion MTD SHARE'!C37 -> 4464 | G9: =[5]INFOGRAFIA!$C$37 -> 1814 | H9: ='[6]Produccion MTD SHARE'!C37 -> 2253
B10: Cheesecake de fresa 150g | C10: ='[1]Produccion MTD SHARE'!C38 -> 16075 | D10: ='[2]Produccion MTD SHARE'!C38 -> 15805 | E10: ='[3]Produccion MTD SHARE'!C38 -> 17535 | F10: ='[4]Produccion MTD SHARE'!C38 -> 8229 | G10: =[5]INFOGRAFIA!$C$38 -> 19313 | H10: ='[6]Produccion MTD SHARE'!C38 -> 0
B11: Cookies and cream 150g | C11: ='[1]Produccion MTD SHARE'!C40 -> 10230 | D11: ='[2]Produccion MTD SHARE'!C40 -> 14418 | E11: ='[3]Produccion MTD SHARE'!C40 -> 12421 | F11: ='[4]Produccion MTD SHARE'!C40 -> 10881 | G11: =[5]INFOGRAFIA!$C$40 -> 16950 | H11: ='[6]Produccion MTD SHARE'!C39 -> 0
B12: TOTAL UNIDADES | C12: =SUM(C6:C11) -> 92830 | D12: =SUM(D6:D11) -> 77839 | E12: =SUM(E6:E11) -> 84883 | F12: =SUM(F6:F11) -> 75884 | G12: =SUM(G6:G11) -> 94187 | H12: =SUM(H6:H11) -> 30456

Sheet Frutas
E10: 46054 | F10: 46082 | G10: 46113 | H10: 46143 | I10: 46174 | J10: 46204
D11: Fresa 150g | E11: ='[1]Produccion MTD SHARE'!C24 -> 95875 | F11: ='[2]Produccion MTD SHARE'!C24 -> 41319 | G11: ='[3]Produccion MTD SHARE'!C24 -> 64054 | H11: ='[4]Produccion MTD SHARE'!C24 -> 90126 | I11: =[5]INFOGRAFIA!$C$24 -> 60848 | J11: ='[6]Produccion MTD SHARE'!$C$24 -> 41303
D12: Fresa 700g | E12: ='[1]Produccion MTD SHARE'!C25 -> 8828 | F12: ='[2]Produccion MTD SHARE'!C25 -> 8274 | G12: ='[3]Produccion MTD SHARE'!C25 -> 10592 | H12: ='[4]Produccion MTD SHARE'!C25 -> 13208 | I12: ='[5]PRODUCCION DIARIA JUNIO 2026'!$AH$38 -> 7789 | J12: ='[6]Produccion MTD SHARE'!$C$25 -> 6836
D13: Durazno 150g | E13: ='[1]Produccion MTD SHARE'!C26 -> 58948 | F13: ='[2]Produccion MTD SHARE'!C26 -> 22830 | G13: ='[3]Produccion MTD SHARE'!C26 -> 47957 | H13: ='[4]Produccion MTD SHARE'!C26 -> 33609 | I13: ='[5]PRODUCCION DIARIA JUNIO 2026'!$AH$39 -> 49730 | J13: ='[6]Produccion MTD SHARE'!$C$26 -> 35630
D14: Piña 150g | E14: ='[1]Produccion MTD SHARE'!C28 -> 59142 | F14: ='[2]Produccion MTD SHARE'!$C$28 -> 25821 | G14: ='[3]Produccion MTD SHARE'!$C$28 -> 51198 | H14: ='[4]Produccion MTD SHARE'!$C$28 -> 55363 | I14: =[5]INFOGRAFIA!$C$28 -> 45850 | J14: ='[6]Produccion MTD SHARE'!$C$28 -> 31588
D15: TOTAL UNIDADES | E15: =SUM(E11:E14) -> 222793 | F15: =F11+F12+F13+F14 -> 98244 | G15: =SUM(G11:G14) -> 173801 | H15: =SUM(H11:H14) -> 192306 | I15: =SUM(I11:I14) -> 164217 | J15: =SUM(J11:J14) -> 115357

Sheet Cremosillo
K8: TREND
F9: =(F11-E11)/E11 -> 0.75750685 | G9: =(G11-F11)/F11 -> -0.076457096 | H9: =(H11-G11)/G11 -> 0.58835891 | I9: =(I11-H11)/H11 -> -0.36246091 | J9: =(J11-I11)/I11 -> -0.49875798 | K9: =(K11-I11)/I11 -> 0.10273245
E10: 46054 | F10: 46082 | G10: 46113 | H10: 46143 | I10: 46174 | J10: 46204
D11: CREMOSILLO | E11: ='[1]Produccion MTD SHARE'!$C$3+'[1]Produccion MTD SHARE'!$C$4+'[1]Produccion MTD SHARE'!$C$5+'[1]Produccion MTD SHARE'!$C$6+'[1]Produccion MTD SHARE'!$C$7 -> 19349 | F11: ='[2]Produccion MTD SHARE'!$C$3+'[2]Produccion MTD SHARE'!$C$4+'[2]Produccion MTD SHARE'!$C$5+'[2]Produccion MTD SHARE'!$C$6+'[2]Produccion MTD SHARE'!$C$7 -> 34006 | G11: ='[3]Produccion MTD SHARE'!$C$3+'[3]Produccion MTD SHARE'!$C$4+'[3]Produccion MTD SHARE'!$C$5+'[3]Produccion MTD SHARE'!$C$6+'[3]Produccion MTD SHARE'!$C$7 -> 31406 | H11: ='[4]Produccion MTD SHARE'!$C$3+'[4]Produccion MTD SHARE'!$C$4+'[4]Produccion MTD SHARE'!$C$5+'[4]Produccion MTD SHARE'!$C$6+'[4]Produccion MTD SHARE'!$C$7 -> 49884 | I11: =[5]INFOGRAFIA!$D$4 -> 31803 | J11: ='[6]Produccion MTD SHARE'!$E$3 -> 15941 | K11: =J11/'[6]PRODUCCION DIARIA JULIO 2026'!$AN$100*'[6]PRODUCCION DIARIA JULIO 2026'!$AO$100+J11 -> 35070.2

Sheet Gelatina
K10: TREND
F11: =(F13-E13)/E13 -> 0.016200536 | G11: =(G13-F13)/F13 -> 0.6614962 | H11: =(H13-G13)/G13 -> -0.025738274 | I11: =(I13-H13)/H13 -> 0.75687906 | J11: =(J13-I13)/I13 -> -0.66857944 | K11: =(K13-I13)/I13 -> -0.27087476
E12: 46054 | F12: 46082 | G12: 46113 | H12: 46143 | I12: 46174 | J12: 46204
D13: SALTARINA | E13: ='[1]Produccion MTD SHARE'!$C$9+'[1]Produccion MTD SHARE'!$C$10+'[1]Produccion MTD SHARE'!$C$11 -> 18271 | F13: ='[2]Produccion MTD SHARE'!$C$9+'[2]Produccion MTD SHARE'!$C$10+'[2]Produccion MTD SHARE'!$C$11 -> 18567 | G13: ='[3]Produccion MTD SHARE'!$C$9+'[3]Produccion MTD SHARE'!$C$10+'[3]Produccion MTD SHARE'!$C$11 -> 30849 | H13: ='[4]Produccion MTD SHARE'!$C$9+'[4]Produccion MTD SHARE'!$C$10+'[4]Produccion MTD SHARE'!$C$11 -> 30055 | I13: =[5]INFOGRAFIA!$D$9 -> 52803 | J13: ='[6]Produccion MTD SHARE'!$E$9 -> 17500 | K13: =J13/'[6]PRODUCCION DIARIA JULIO 2026'!$AN$100*'[6]PRODUCCION DIARIA JULIO 2026'!$AO$100+J13 -> 38500
